"Number","Category","Severity","File_Location","Issue_Title","Description","Evidence","Impact","Fix"
"1","Critical Security","CRITICAL","code1/f02_encrypt_file.py:131","Redundant plaintext hash stored in SFFS header","""The SFFS file format stores the raw SHA-256 hash of the plaintext in the header (offset 37"," 32 bytes). This provides an oracle for plaintext verification — an attacker who obtains the .sffs file can brute-force small files by hashing candidate plaintexts and comparing against the stored hash. This defeats the purpose of encryption for small or predictable files.""","""Header layout: hash_digest (32 bytes raw SHA-256 of plaintext) stored at offset 37. Code: `hash_digest = hashlib.sha256(plaintext).digest()` then `hash_digest +` in header assembly (line 102"," 131)."",An attacker with the .sffs file can verify guesses of the plaintext without needing the AES key. For files with known structure (config files, documents with headers), this enables targeted brute-force attacks.,Remove the plaintext hash from the SFFS header entirely. The GCM auth tag already provides integrity. If pre/post hash comparison is needed, store only a keyed HMAC (e.g., HMAC-SHA256 with a separate key) instead of raw SHA-256."
"2","Critical Security","CRITICAL","code1/f11_write_audit_log.py:123","AES-ECB mode used for database encryption","""The _encryptFile method in AuditLogger uses AES.MODE_ECB to encrypt the audit log database. ECB mode is cryptographically broken for any structured data — identical plaintext blocks produce identical ciphertext blocks"," revealing patterns. This is the most well-known cryptographic mistake in modern cryptography.""","""Code: `cipher = AES.new(self.encryption_key"," AES.MODE_ECB)` (line 123). No IV is used. Padding is manual zero-padding: `padded = data + b'\x00' * (cipher.block_size - len(data) % cipher.block_size)` (line 124)."",""An attacker can identify repeated structures in the SQLite database (table headers, repeated NULL blocks, etc.) without decrypting. The encrypted database leaks significant structural information. ECB mode is explicitly prohibited by NIST for any data with patterns."",Use AES-GCM or AES-CBC with a random IV. Replace the entire _encryptFile approach — encrypting a live SQLite database file in-place with block cipher is fundamentally broken since the database engine reads/writes the file concurrently. Use SQLCipher or encrypt individual log entries before insertion."
"3","Critical Security","CRITICAL","code1/f06_secure_key_storage.py:169","Trailing comma syntax error in keystore dict","""The keystore dictionary has a syntax error — a trailing comma after the 'created_at' entry on line 169 but the indentation is wrong"," placing 'created_at' at a different indent level than other keys. This will cause an IndentationError at runtime when secureKeyStorage is called.""","""Code lines 168-170:
`""""encrypted_private_key"""": encrypted_key_b64","`
`    """"created_at"""": datetime.datetime.now().isoformat(),`
`}`
The 'created_at' key is indented with 4 extra spaces compared to all other keys."",""The secureKeyStorage function will crash with IndentationError, making the entire key storage pipeline non-functional. No keys can be stored or retrieved."",Fix the indentation of the 'created_at' line to match the other dictionary keys (12 spaces, not 16)."
"4","Critical Security","CRITICAL","main-code/sffs_core.py:335-337","IPC secret passed via environment variable to worker process","""The _ipc_secret (64-char hex string used for HMAC signing of worker IPC envelopes) is passed to the worker subprocess via the SFFS_IPC_KEY environment variable. Environment variables are visible to all processes on the system via /proc/<pid>/environ on Linux and are inherited by child processes. Any process on the host can read this secret.""","""Code: `env={**os.environ"," """"SFFS_IPC_KEY"""": self._ipc_secret"," ...}` (line 337). The secret is generated as `secrets.token_hex(32)` (line 74) and stored as a plain instance variable."",""Any process running on the same machine can read SFFS_IPC_KEY from the environment and forge valid IPC envelopes, bypassing the worker authentication entirely. This defeats the entire worker isolation boundary."",Use a secure IPC channel instead of environment variables. Options: (1) Create a temporary file with 0600 permissions containing the key, pass the file descriptor via subprocess, (2) Use a Unix domain socket or named pipe with proper permissions, (3) On Windows, use a named pipe with ACL restrictions."
"5","Critical Security","CRITICAL","main-code/sffs_core.py:321","Master password passed in plaintext to worker subprocess","""The master password (used to decrypt the RSA keystore) is passed as a plaintext string inside the JSON payload sent to the isolated_worker.py subprocess. While the IPC envelope is HMAC-signed"," it is NOT encrypted — the password is visible in the command-line arguments (visible via `ps` on Linux or WMI on Windows) and in the JSON payload.""","""Code: `""""master_password"""": master_password` inside payload dict (line 321). The payload is JSON-serialized and passed as `--payload json.dumps(envelope)` (line 330).""","""The master password is exposed in the process command line, visible to any user on the system. On Linux, `ps aux` or `/proc/<pid>/cmdline` reveals it. On Windows, WMI or Process Explorer shows it. This is equivalent to logging the password."",Never pass passwords via command-line arguments. Use a secure channel: (1) Pass the password via a temporary file with restrictive permissions, (2) Use a pipe/stdin, (3) Have the worker derive the password from the user interactively, (4) Encrypt the payload with a session key."
"6","Security","HIGH","code1/f06_secure_key_storage.py:347-350","Main block uses incompatible serialization formats","""The __main__ block in f06_secure_key_storage.py mixes pycryptodome and cryptography library serialization APIs. It calls `fake_key.private_bytes(encoding=""""PKCS1"""""," format=PrivateFormat.TraditionalOpenSSL"," encryption_algorithm=NoEncryption)` — but `PrivateFormat` and `NoEncryption` are from the `cryptography` library"," while `fake_key` is a pycryptodome RSA key. PyCryptodome keys do not have a `private_bytes` method with these parameters."",""Code: `fake_key.private_bytes(encoding=""""PKCS1"""", format=PrivateFormat.TraditionalOpenSSL, encryption_algorithm=NoEncryption)` (lines 347-350). `PrivateFormat` and `NoEncryption` are imported from `cryptography.hazmat.primitives.serialization` but `fake_key` is `Crypto.PublicKey.RSA.generate(2048)`."",""The demo/main block crashes immediately. While this is test code, it indicates the developers do not understand the difference between the two crypto libraries, raising concerns about correct usage throughout the codebase."",Use consistent library APIs. For pycryptodome: `fake_key.export_key(format='PEM')`. For cryptography library: use `cryptography.hazmat.primitives.asymmetric.rsa.generate_private_key()`."
"7","Security","HIGH","code2/f09_authenticate_user.py:117-118","Password decoded to string before hashing defeats bytearray security","""In registerUser"," the password bytearray is decoded to a UTF-8 string (`password_str = password.decode('utf-8')`) before being passed to the Argon2 hasher. This creates an immutable Python string copy of the password in memory that cannot be wiped. The entire purpose of using bytearray is defeated.""","""Code: `password_str = password.decode('utf-8')` (line 117)"," then `pw.hash(password_str)` (line 133). The original bytearray is wiped on line 136, but password_str remains in memory until GC."",""The password exists as an immutable string in Python's memory space, potentially interned, and cannot be securely wiped. This undermines the secureMemoryWipe pattern used throughout the codebase."",Use argon2-cffi's low-level API that accepts bytes: `argon2.low_level.hash_secret_raw(password, salt, ...)` to avoid creating a string copy. Or ensure password_str is explicitly deleted and the memory is overwritten."
"8","Security","HIGH","code2/f09_authenticate_user.py:216","Password decoded to string during authentication","""Same issue as #7 but in authenticateUser. The password bytearray is decoded to a string for Argon2 verification: `password_str = password.decode(""""utf-8"""")` (line 216)"," creating an unwipeable copy.""","""Code: `password_str = password.decode(""""utf-8"""")` (line 216)"," then `pw.verify(password_hash, password_str)` (line 219)."",""Password exists as immutable string in memory, defeating the bytearray wipe security model."",Use low-level argon2 API accepting bytes directly."
"9","Security","HIGH","code2/f09_authenticate_user.py:71","SQLite database opened without WAL or journal mode configuration","""The auth database is opened with default SQLite settings"," which uses DELETE journal mode. This means the database file contains unhashed password data in the journal/WAL files temporarily"," and these files may persist after the connection closes.""","""Code: `conn = sqlite3.connect(str(db_path))` (line 71) — no PRAGMA journal_mode or PRAGMA synchronous settings. Same pattern in authenticateUser (line 178), validateSession (line 277), terminateSession (line 302)."",""Password hashes and session tokens may be recoverable from SQLite journal files (-journal, -wal, -shm) even after the main database is deleted. On an unencrypted USB stick, forensic recovery is trivial."",Set `PRAGMA journal_mode=WAL` and `PRAGMA secure_delete=ON` on every connection. Alternatively, encrypt the SQLite database with SQLCipher."
"10","Security","HIGH","code2/f07_create_isolated_sandbox.py:87-91","icacls command uses subprocess without shell=False and injection risk","""The icacls command on Windows is constructed with string interpolation of the USERNAME environment variable directly into the command arguments. If USERNAME contains special characters"," this could lead to command injection or unexpected ACL behavior.""","""Code: `current_user = os.environ.get('USERNAME'"," 'USER')` then `subprocess.run(['icacls', str(sandbox_path), '/inheritance:r', '/grant:r', f'{current_user}:(OI)(CI)F'], check=True)` (lines 87-91)."",""While USERNAME is typically safe, an attacker who can control this environment variable could inject malicious ACL rules granting themselves access to the sandbox directory."",Validate USERNAME against a whitelist of allowed characters (alphanumeric, underscore, hyphen) before using it in the icacls command."
"11","Security","HIGH","code2/f07_create_isolated_sandbox.py:93-94","icacls failure silently ignored","""If the icacls command fails (CalledProcessError)"," the exception is caught and silently ignored with `pass`. The sandbox directory is created but without proper ACL restrictions on Windows.""","""Code: `except subprocess.CalledProcessError: pass` (lines 93-94).""","""On Windows, the sandbox directory will have default inherited permissions, potentially allowing other users on the system to read decrypted files. The security claim of 'isolated sandbox' is false."",Either fail hard when icacls fails, or at minimum log a warning and continue with reduced security guarantees. The caller should be informed that isolation is degraded."
"12","Security","HIGH","code2/f07_create_isolated_sandbox.py:206-218","Secure wipe is ineffective on modern filesystems (SSD/TRIM/NTFS)","""The secureWipeDirectory function attempts a 3-pass overwrite (zeros"," ones"," random) on files. On SSDs with wear leveling and TRIM"," and on NTFS with journaling, the overwrite writes to different physical sectors than the original data. The original data remains on disk until garbage collection."",""Code: `file_path.write_bytes(zeros)` then `file_path.write_bytes(ones)` then `file_path.write_bytes(random_bytes)` (lines 206-218)."",""Forensic recovery tools can still recover the original file contents from the physical sectors that were never overwritten. The DOD 5220.22-M standard was designed for magnetic media, not SSDs."",""For SSDs, use the ATA Secure Erase command or device-level encryption with key discard. For USB drives, rely on full-disk encryption (BitLocker/VeraCrypt) rather than file-level wiping. At minimum, document this limitation prominently."
"13","Security","HIGH","code2/f12_emergency_lock.py:147-148","Emergency lock does not exit for MANUAL and TIMEOUT triggers","""The emergencyLock function only calls sys.exit(0) for USB_REMOVED"," DEBUGGER_DETECTED"," and MAX_FAILURES triggers. MANUAL and TIMEOUT triggers do NOT terminate the process"," leaving decrypted files in memory and the sandbox on disk."",""Code: `force_exit_triggers = {""""USB_REMOVED"""", """"DEBUGGER_DETECTED"""", """"MAX_FAILURES""""}` then `if trigger in force_exit_triggers: raise SystemExit(0)` (lines 147-148)."",""A MANUAL lock (user pressing the lock button) does not terminate the process. Decrypted files remain in the sandbox directory, session tokens remain valid, and the process continues running. The 'emergency lock' is not emergency for these triggers."",All lock triggers should terminate the process. If graceful resume is needed for TIMEOUT, implement a proper re-authentication flow that destroys the sandbox and session before requiring re-login."
"14","Security","HIGH","code3/f16_cloud_sync.py:64-68","OAuth token stored as plaintext JSON","""The Google OAuth token is stored as plaintext JSON in google_token.json on the USB stick. This token provides access to the user's Google Drive files. If the USB is lost or stolen"," the attacker can use this token to access the user's cloud storage.""","""Code: `token_path.write_text(creds.to_json()"," encoding=""""utf-8"""")` (line 67). The token file is stored in config_dir which is on the USB."",""An attacker with physical access to the USB can extract the OAuth token and access the user's Google Drive files, including any SFFS backups that may contain encrypted key material."",""Encrypt the OAuth token file with a key derived from the user's password. Or store only the refresh token encrypted and require re-authentication for access tokens. At minimum, the token file should not be on the portable USB."
"15","Security","HIGH","main-code/sffs_core.py:441-445","Key backup uploaded to cloud in ZIP without additional encryption","""The backupKeys method creates a ZIP file containing all key material (public key"," keystore JSON) and uploads it to Google Drive. While the keystore is password-protected"," the public key is not"," and the ZIP itself is not encrypted."",""Code: `with zipfile.ZipFile(backup_zip, """"w"""", zipfile.ZIP_DEFLATED) as zf: for f in keys_dir.rglob(""""*""""): ... zf.write(f, arcname=...)` (lines 442-445)."",""The ZIP file on Google Drive contains the keystore (which is password-protected but vulnerable to offline brute-force) and the public key. An attacker who obtains the ZIP can attempt offline password cracking against the keystore."",""Encrypt the ZIP file with a separate encryption key before uploading. Or better, do not upload key material to the cloud at all — use a proper key recovery mechanism (e.g., Shamir's Secret Sharing split across multiple locations)."
"16","Security","HIGH","code1/f06_secure_key_storage.py:107-119","Argon2id parameters below OWASP recommendations","""The Argon2id parameters used are time_cost=3"," memory_cost=65536 (64MB)"," parallelism=2. OWASP 2023 recommends parallelism=4 for Argon2id. The parallelism of 2 makes the KDF faster to compute for attackers with multi-core systems.""","""Code: `ARGON2_TIME_COST = 3`, `ARGON2_MEMORY_COST = 65536`, `ARGON2_PARALLELISM = 2` (lines 74-76)."",""Offline brute-force attacks against the keystore are 2x faster than they need to be. An attacker with a 4-core machine can test passwords twice as fast as intended."",""Increase ARGON2_PARALLELISM to 4 to match OWASP recommendations. This increases the computational cost for attackers without significantly impacting legitimate users."
"17","Security","HIGH","code1/f06_secure_key_storage.py:58","Dual crypto library dependency creates confusion and potential misuse","""The module imports from both pycryptodome (`Crypto.Cipher.AES`"," `Crypto.Protocol.KDF.PBKDF2`) and the cryptography library (`argon2.low_level`). Using two different crypto libraries for similar operations increases the risk of mixing incompatible APIs and introduces unnecessary attack surface.""","""Code: `from Crypto.Cipher import AES"," PKCS1_OAEP` and `from Crypto.Protocol.KDF import PBKDF2` (line 58) alongside `from argon2.low_level import Type, hash_secret_raw` (line 69)."",""Developers may confuse APIs between libraries (as evidenced by bug #6). Additionally, having both libraries increases the supply chain attack surface and binary size."",Standardize on a single crypto library. The `cryptography` library provides AES-GCM, PBKDF2, and RSA-OAEP. Remove pycryptodome entirely or use it exclusively."
"18","Security","HIGH","code2/f11_write_audit_log.py:149-154","Race condition in prev_hash retrieval","""The log method opens a new connection to retrieve the prev_hash"," then opens another connection to insert the entry. Between these two operations"," another thread could insert a log entry"," causing the hash chain to be inconsistent."",""Code: `cursor = sqlite3.connect(str(self.db_path), timeout=30).cursor()` (line 150) for prev_hash retrieval, then `conn = sqlite3.connect(str(self.db_path), timeout=30)` (line 167) for insertion. Two separate connections."",""The hash chain integrity verification can produce false negatives (reporting tampering when none occurred) if concurrent writes interleave between the prev_hash read and the insert. This undermines the tamper-detection guarantee."",""Use a single connection with a transaction: BEGIN IMMEDIATE, read prev_hash, insert, COMMIT. Or use the existing self.lock to protect the entire read-insert sequence with the same connection."
"19","Security","HIGH","code3/f14_ui_dashboard.py:396","Password obtained from QLineEdit as string then encoded","""In LoginWindow._try_login"," the password is obtained from the QLineEdit widget as a string (`self._pw.text()`) and then encoded to bytes. The string object persists in memory and cannot be wiped. The QLineEdit widget itself also retains the password in its internal buffers.""","""Code: `pw = bytearray(self._pw.text().encode())` (line 396). The `self._pw.text()` call creates an immutable QString which is then encoded.""","""The password exists as an immutable QString in Qt's memory space, plus the encoded bytearray. The Qt widget retains the password internally. None of these can be securely wiped."",""Use QLineEdit's `displayText()` or access the underlying buffer directly. Clear the QLineEdit immediately after encoding: `self._pw.clear()`. Consider using a custom password input widget that stores characters in a mutable buffer."
"20","Security","HIGH","code3/f14_ui_dashboard.py:211","Session token partially displayed in UI","""The session token is displayed in the UI header: `f""""Signed in | session {session_token[:10]}...""""` (line 211). While only the first 10 characters are shown"," this leaks information about the session token format and could aid session hijacking if an attacker can observe the screen.""","""Code: `user = QLabel(f""""Signed in | session {session_token[:10]}..."""")` (line 211).""","""Partial session token exposure. Combined with shoulder surfing or screen recording, an attacker could potentially correlate sessions or use the partial token for social engineering."",""Do not display any portion of the session token in the UI. Show only the username or a generic 'Signed in' indicator."
"21","Security","HIGH","main-code/main.py:166","Password passed as string from QLineEdit in registration","""In do_register"," the password is obtained as a string from QLineEdit and passed to registerUser. Same issue as #19 — the password exists as an immutable string.""","""Code: `res = registerUser(name"," bytearray(p.text().encode()), db_path)` (line 166)."",""Password persists as immutable string in Qt memory space."",Clear the QLineEdit immediately after encoding. Use a mutable buffer approach."
"22","Security","HIGH","main-code/main.py:185","Password passed as string from QLineEdit in login","""Same issue in do_login_click — password obtained as string from QLineEdit.""","""Code: `r = core.login(name"," bytearray(p.text().encode())"," db_path)` — wait, actually `r = core.login(name, bytearray(p.text().encode()))` (line 185)."",""Password persists as immutable string in Qt memory space."",Clear the QLineEdit immediately after encoding."
"23","Security","HIGH","code1/f03_decrypt_file.py:224","Hardcoded dummy AES key in demo code","""The __main__ block in f03_decrypt_file.py contains `aes_key = b""""0"""" * 32` — a hardcoded 32-byte key of all zeros. While this is demo code that won't actually work"," it demonstrates poor security hygiene and could be copied into production code.""","""Code: `aes_key = b""""0"""" * 32  # This won't work — f02 uses random key` (line 224).""","""If this pattern is copied into production code, it would use a predictable all-zeros key, making all encryption trivially breakable. The comment acknowledges it won't work but the pattern is dangerous."",""Remove all hardcoded keys from demo code. Use `secrets.token_bytes(32)` even in demos to model correct behavior."
"24","Security","HIGH","code2/f10_monitor_process.py:97-105","Suspicious process list is trivially bypassed","""The process monitor checks for a hardcoded list of known debugger names (x64dbg.exe"," ollydbg.exe"," windbg.exe"," etc.). An attacker can simply rename the debugger executable to bypass detection. Additionally, many legitimate tools (VS Code, Visual Studio, PyCharm) contain debugging capabilities but are not flagged."",""Code: `suspicious_names = [""""x64dbg.exe"""", """"ollydbg.exe"""", """"windbg.exe"""", """"ida64.exe"""", """"processhacker.exe"""", """"wireshark.exe""""]` (lines 97-100)."",""The debugger detection provides a false sense of security. Any competent attacker bypasses it in seconds by renaming their tools. Meanwhile, it may false-positive on legitimate security tools."",""Implement behavioral detection instead of name-based blacklisting. Check for debug registers (Windows: GetThreadContext with CONTEXT_DEBUG_REGISTERS), check for PEB.BeingDebugged flag, use NtQueryInformationProcess. Accept that this is defense-in-depth only."
"25","Security","HIGH","code3/f13_init_drive_detection.py:171-179","USB monitoring thread has no exception handling for callback","""The monitorUSBPresence function runs a background thread that polls for USB presence. If the callback raises an exception"," it is silently caught and ignored"," and the thread exits. This means USB removal detection can silently fail.""","""Code: `try: callback() except Exception: pass` then `break` (lines 175-179)."",""If the emergency lock callback fails (e.g., due to a bug in emergencyLock), the USB removal is silently ignored and the system continues running with decrypted files exposed. The user has no indication that the protection failed."",""Log the exception and retry the callback. If the callback fails repeatedly, trigger a fallback emergency action (e.g., wipe known sandbox paths directly)."
"26","Security","HIGH","code3/f17_config_loader.py:111-118","Config written as plaintext JSON when no encryption key provided","""When encryption_key is None"," the config is written as plaintext JSON with only a warning. The config contains sensitive operational details including cloud_sync_enabled"," paths"," and OAuth token paths."",""Code: `warnings.warn(""""SFFS config written as PLAIN JSON..."""")` then `plain_path.write_text(json.dumps(cfg, indent=2))` (lines 112-118)."",""An attacker with access to the USB can read the configuration file to understand the system setup, including whether cloud sync is enabled, which hash algorithm is used, and where OAuth tokens are stored."",""Always encrypt the config file. Derive an encryption key from the user's password at startup. If no password is available, use a device-specific key."
"27","Security","HIGH","code2/f09_authenticate_user.py:248","Session tokens generated with secrets.token_urlsafe but stored without binding","""Session tokens are generated using `secrets.token_urlsafe(32)` and stored in SQLite without binding to IP"," user agent"," or device fingerprint. A stolen session token can be used from any location.""","""Code: `session_token = secrets.token_urlsafe(32)` (line 248), then inserted into sessions table with only user_id, created_at, expires_at."",""If an attacker obtains a session token (e.g., from memory dump, SQLite file, or log), they can impersonate the user until the token expires (24 hours)."",""Bind session tokens to additional context: client IP hash, device fingerprint, or a hardware-bound identifier. Implement session rotation on sensitive operations."
"28","Security","HIGH","code1/f02_encrypt_file.py:98","Entire file loaded into memory for encryption","""The encryptFile function reads the entire file into memory with `input_path.read_bytes()` (line 98). For large files"," this can cause memory exhaustion and also means the entire plaintext exists in RAM simultaneously.""","""Code: `plaintext = input_path.read_bytes()` (line 98).""","""Large files (> available RAM) will crash the application. Additionally, the entire plaintext is in memory at once, increasing the attack surface for memory scraping."",""Implement streaming encryption using AES-GCM with chunked reads. The `cryptography` library supports streaming GCM via CipherContext. Process files in 8MB chunks matching the hash function's approach."
"29","Security","HIGH","code1/f03_decrypt_file.py:114","Entire encrypted file loaded into memory for decryption","""Same issue as #28 but for decryption. The entire .sffs file is read into memory with `sffs_path.read_bytes()` (line 114).""","""Code: `file_content = sffs_path.read_bytes()` (line 114).""","""Large encrypted files cause memory exhaustion. The entire ciphertext is in memory at once.""","""Implement streaming decryption with chunked reads."
"30","Security","HIGH","code2/f11_write_audit_log.py:355-358","Global singleton logger uses hardcoded default path","""The module-level _getLogger function creates a global logger with a hardcoded default path `./code2/test_output/audit.db`. If this singleton is used before SFFSCore creates its own logger"," audit logs go to the wrong location.""","""Code: `_db_path = Path(""""./code2/test_output/audit.db"""")` (line 355).""","""Audit logs may be written to an incorrect location, making them inaccessible for forensic analysis. The hardcoded path is also relative, making it dependent on the current working directory."",""Remove the global singleton or make it require explicit initialization. The path should never be hardcoded."
"31","Security","HIGH","code1/f05_verify_hash.py:118-119","File read entirely into memory for hash verification","""In verifyFileIntegrity"," both the original and decrypted files are read entirely into memory for hashing: `sha256(f.read()).hexdigest()` (lines 119"," 124"," 127)."",""Code: `with open(decrypted_path, """"rb"""") as f: hash_post = sha256(f.read()).hexdigest()` (lines 118-119). Same pattern on lines 124 and 127."",""Large files cause memory exhaustion during hash verification. This is inconsistent with the streaming approach used in generateHash (which correctly uses 8MB chunks)."",""Use the streaming generateHash function instead of reading entire files into memory. Replace `sha256(f.read())` with the chunked approach from f04."
"32","Security","HIGH","code2/f08_secure_memory_wipe.py:157-166","wipeString function is a security theater","""The wipeString function claims to wipe a string via ctypes but actually just encodes it to bytes"," creates a bytearray copy"," wipes the copy"," and returns an empty string. The original string is never touched."",""Code: `s_bytes = s.encode('utf-8')` creates a new bytes object, `wiped = bytearray(s_bytes)` creates a copy, `secureMemoryWipe(wiped)` wipes the copy, `return """"` (lines 160-166). The original string `s` is completely unaffected."",""This function gives a false sense of security. Callers believe the string has been wiped when only a copy was wiped. The original string remains in memory until garbage collection."",""Remove this function entirely. It cannot work as advertised due to Python's string immutability. Document clearly that strings cannot be securely wiped in Python."
"33","Security","HIGH","code3/f16_cloud_sync.py:151-161","Cloud download writes to arbitrary local path without validation","""The cloudSync download action writes downloaded content directly to the specified local_path without any validation. An attacker who controls the file_id parameter could cause the system to overwrite arbitrary files.""","""Code: `Path(local_path).write_bytes(fh.getvalue())` (line 161). No validation that local_path is within an allowed directory.""","""Path traversal: if local_path is set to a sensitive location (e.g."," the keystore file, config file, or system file), the download could overwrite it with attacker-controlled content from Google Drive."",""Validate that local_path is within an allowed directory (e.g., the sandbox or backups directory). Use the same _require_within pattern used in the isolated worker."
"34","Security","HIGH","code1/f06_secure_key_storage.py:137","AES-GCM IV is 12 bytes but pycryptodome expects nonce","""The code uses `AES.new(derived_key"," AES.MODE_GCM"," nonce=iv)` with a 12-byte IV. While pycryptodome accepts this"," the variable is named 'iv' but GCM uses a 'nonce'. More critically, the IV is generated with `get_random_bytes(12)` — for GCM, a 12-byte nonce is correct, but the naming inconsistency indicates confusion about the primitive."",""Code: `iv = get_random_bytes(12)` (line 134), `cipher = AES.new(derived_key, AES.MODE_GCM, nonce=iv)` (line 137)."",""This is not a direct vulnerability but indicates confusion between IV and nonce terminology. In GCM, the term is 'nonce' and 12 bytes is the recommended size. The code works correctly but the naming is misleading."",""Rename 'iv' to 'nonce' throughout the keystore code for clarity and correctness. Update the keystore JSON schema to use 'nonce' instead of 'iv'."
"35","Security","HIGH","code3/f14_ui_dashboard.py:317","Dynamic import of sandbox_viewer in UI event handler","""The _open_sandbox_item method dynamically imports sandbox_viewer inside the event handler: `from sandbox_viewer import show_sandbox_file_viewer` (line 317). If the import fails (e.g."," missing dependencies)"," the exception propagates to the Qt event loop.""","""Code: `from sandbox_viewer import show_sandbox_file_viewer` inside _open_sandbox_item (line 317) and _pick_sffs_to_view (line 333)."",""Import failures during UI interaction cause unhandled exceptions that crash the application or produce cryptic error messages. Dynamic imports also make dependency analysis difficult."",""Move imports to the top of the file. Handle import failures gracefully with a user-friendly error message."
"36","Architecture","MEDIUM","code1/f06_secure_key_storage.py:169","Inconsistent keystore versioning between PBKDF2 and Argon2id","""The keystore uses version """"2.0"""" for Argon2id and """"1.0"""" for PBKDF2-SHA256. However"," the version field does not capture the KDF parameters (time_cost"," memory_cost"," parallelism) in a versioned way. If parameters change in the future, old keystores may not be distinguishable from new ones."",""Code: `""""version"""": """"2.0"""" if kdf_name == """"ARGON2ID"""" else """"1.0""""` (line 158)."",""Future parameter changes could break backward compatibility without a clear versioning signal. Old keystores might be attempted with new parameters, causing decryption failures."",""Include a full parameter set in the version or use semantic versioning: e.g., """"argon2id-3-65536-2"""" encoding the parameters in the version string."
"37","Architecture","MEDIUM","main-code/sffs_core.py:68","Session password stored as instance variable","""The SFFSCore class stores a copy of the login password as `self._session_password` (a bytearray). This password persists for the entire session duration and is only wiped on logout.""","""Code: `self._session_password: Optional[bytearray] = None` (line 68)"," set in login (line 164)"," wiped in logout (line 196)."",""The master password is held in memory for the entire session. If the process is memory-dumped at any point during the session, the password can be extracted. The password is needed for RSA keystore unwrap operations."",""Derive the AES key for keystore access once at login and store only the derived key, not the password. Or re-derive from user input on each decrypt operation. At minimum, document the session password lifetime clearly."
"38","Architecture","MEDIUM","main-code/sffs_core.py:74","IPC counter has no overflow protection","""The IPC counter (`self._ipc_counter`) is incremented on each signed envelope but is a plain integer with no overflow protection. While Python integers don't overflow"," the counter is used as part of the nonce. After 2^64 requests (theoretical)"," the nonce could repeat.""","""Code: `self._ipc_counter += 1` (line 360)."",""In practice this won't overflow, but the design doesn't account for counter reset on process restart. If the process restarts, the counter starts at 0 again, potentially reusing nonces if the IPC secret is also the same."",""Include a process-start timestamp or random component in the nonce to prevent cross-restart nonce reuse. Or use a random nonce for each message instead of a counter."
"39","Architecture","MEDIUM","code2/f07_create_isolated_sandbox.py:68-70","Sandbox directory created with exist_ok=False but no cleanup on failure","""The sandbox directory is created with `exist_ok=False`"," which raises FileExistsError if the directory already exists. However"," there is no cleanup of partially created subdirectories if a later step fails.""","""Code: `sandbox_path.mkdir(parents=True, exist_ok=False)` (line 70). Subdirectories are created on lines 100-102."",""If the sandbox creation fails midway (e.g., permission error on subdirectory), a partially created sandbox directory remains on disk, potentially containing sensitive data from previous sessions."",""Wrap the entire creation in a try/except that cleans up the sandbox directory on failure. Or use exist_ok=True and verify the directory is empty."
"40","Architecture","MEDIUM","code3/f13_init_drive_detection.py:122","Development mode falls back to parent of app directory","""When not running from a removable volume"," initDriveDetection falls back to `usb_root = app_dir.resolve().parent` (line 122). This means during development"," the sffs_data directory is created in the parent of the project directory"," which could be the user's home directory or any arbitrary location."",""Code: `usb_root = app_dir.resolve().parent` (line 122)."",""During development, sensitive data directories (keys, sandbox, logs) are created in unpredictable locations. If the parent is a shared directory, other users may have access."",""Use a fixed development directory (e.g., `app_dir / """"sffs_data""`) instead of the parent. Or require explicit configuration for development mode."
"41","Architecture","MEDIUM","code3/f18_thread_controller.py:49-56","WorkerThread does not handle cancellation during task execution","""The WorkerThread's run method executes the task without checking for cancellation. The cancel() method only sets a flag"," but the task itself has no way to check if it has been cancelled.""","""Code: `out = self.task(*self.args"," **self.kwargs)` (line 51). No check for `self._cancelled` during execution."",""Long-running tasks (e.g., encrypting large files) cannot be cancelled mid-execution. The user must wait for the task to complete even after pressing cancel."",""Pass a cancellation check callback to the task, or use a cooperative cancellation pattern where the task periodically checks `is_cancelled()`."
"42","Architecture","MEDIUM","code2/f11_write_audit_log.py:197-213","Log rotation breaks hash chain","""When old log entries are deleted during rotation"," the hash chain is broken. The first remaining entry's prev_hash points to a deleted entry"," so verifyLogIntegrity will report tampering for the first entry after rotation.""","""Code: `DELETE FROM audit_log WHERE log_id IN (SELECT log_id FROM audit_log ORDER BY log_id ASC LIMIT ?)` (lines 208-211). The prev_hash of the first remaining entry still references a deleted entry."",""After log rotation, the integrity check will always report the first entry as tampered, making the entire hash chain verification useless after the first rotation."",""When rotating, update the first remaining entry's prev_hash to """"GENESIS"""" or store a rotation marker. Or use a different integrity mechanism (e.g., periodic signed snapshots)."
"43","Code Quality","MEDIUM","code1/f01_generate_key_pairs.py:116","key_id derived from public key hash but not used for keystore lookup","""The key_id is generated as the first 8 chars of SHA-256 of the public key PEM (line 116). However"," in secureKeyStorage"," if key_id is None"," a different key_id is generated from salt and IV (line 154). This means the key_id from generateKeyPairs is never actually used for keystore identification."",""Code: `key_id = hashlib.sha256(public_pem).hexdigest()[:8]` (line 116) vs `key_id = hashlib_sha256_sandwich(salt, iv)` (line 154)."",""The key_id is inconsistent between generation and storage, making it impossible to correlate a public key with its keystore. This is a design flaw that complicates key management."",""Use the same key_id derivation in both places. Pass the key_id from generateKeyPairs to secureKeyStorage and use it consistently."
"44","Code Quality","MEDIUM","code1/f02_encrypt_file.py:116","Auth tag extracted from ciphertext incorrectly","""The code extracts the auth tag as the last 16 bytes of the ciphertext returned by `aesgcm.encrypt()`. However"," the `cryptography` library's AESGCM.encrypt() already includes the tag appended to the ciphertext. The tag is then also stored separately in the header. This means the tag is stored twice — once in the header and once appended to the ciphertext.""","""Code: `ciphertext = aesgcm.encrypt(iv"," plaintext, associated_data=None)` then `auth_tag = ciphertext[-16:]` (line 116). The header includes `auth_tag` (line 130) AND the full `ciphertext` (which includes the tag) is written (line 141)."",""The auth tag is duplicated in the file format, wasting 16 bytes. More importantly, during decryption, the code passes the full ciphertext (including tag) to AESGCM.decrypt(), which expects the tag to be at the end. This works but is confusing and wasteful."",""Either store the tag only in the header and strip it from the ciphertext before writing, or store it only appended to the ciphertext (not in the header). The current approach is redundant."
"45","Code Quality","MEDIUM","code1/f03_decrypt_file.py:148","Size check happens after parsing header fields","""The check `if len(file_content) < HEADER_SIZE` (line 148) happens AFTER the code has already parsed all header fields (lines 121-142). If the file is smaller than 77 bytes"," the slicing operations will still work (returning shorter bytes) but the parsed values will be garbage.""","""Code: Header parsing on lines 121-142"," then size check on line 148."",""If a truncated file is passed, the code will parse garbage values for IV, auth_tag, hash_pre, and original_size before checking the size. This could lead to confusing error messages or unexpected behavior."",""Move the size check to before header parsing: `if len(file_content) < HEADER_SIZE: raise ValueError(...)` should be the first check after reading the file."
"46","Code Quality","MEDIUM","code2/f09_authenticate_user.py:60","Lockout backoff uses datetime.now() without timezone","""The lockout calculation uses `datetime.now()` which returns a naive datetime. This can cause issues if the system timezone changes or if the database is moved between systems in different timezones.""","""Code: `return (datetime.now() + timedelta(seconds=backoff_seconds)).isoformat()` (line 61). Same pattern on line 148"," 180"," 251."",""If the system clock changes (e.g., DST transition, manual adjustment), the lockout period could be shorter or longer than intended. A malicious user could manipulate the system clock to bypass lockouts."",""Use `datetime.now(timezone.utc)` for all time-based operations. Store timestamps in UTC and convert to local time only for display."
"47","Code Quality","MEDIUM","code2/f12_emergency_lock.py:64","Global last_activity variable is not thread-safe","""The `last_activity` variable is a global that is read and written from multiple threads (the idle monitor thread and the main UI thread via resetIdleTimer). There is no synchronization.""","""Code: `last_activity = time.time()` (line 64)"," read in idleMonitor (line 203)"," written in resetIdleTimer (line 235)."",""Race condition: the idle timer may not accurately reflect user activity, causing premature or delayed lockouts. In the worst case, a data race could cause the timer to never trigger."",""Use a threading.Lock or threading.Event to protect last_activity. Or use an atomic operation."
"48","Code Quality","MEDIUM","code3/f14_ui_dashboard.py:161","dropEvent accepts any file without validation","""The DragDropZone accepts any dropped file without validating its type"," size"," or accessibility. A user could drop a 100GB file or a symlink to a sensitive system file.""","""Code: `p = urls[0].toLocalFile()` then `self.file_dropped.emit(p)` (lines 163-167). No validation of the file path or size."",""Dropping a symlink to /etc/passwd or a massive file could cause the application to attempt to encrypt system files or exhaust memory. No path validation is performed."",""Validate the dropped file: check it's a regular file (not a symlink), check its size is reasonable, and verify it's within an allowed directory before processing."
"49","Code Quality","MEDIUM","code3/f16_cloud_sync.py:30","OAuth scope is drive.file which still allows significant access","""The OAuth scope `https://www.googleapis.com/auth/drive.file` limits access to files created or opened by the app. However"," this still allows the app to list"," read"," and modify any file it has previously created or opened. If the OAuth token is compromised, the attacker can access all SFFS backup files."",""Code: `SCOPES = [""""https://www.googleapis.com/auth/drive.file""""]` (line 30)."",""Compromised OAuth token allows access to all SFFS backup files on Google Drive, including encrypted key material."",""Consider using a more restrictive scope if possible. Implement token rotation and short-lived access tokens. Monitor for unusual access patterns."
"50","Code Quality","MEDIUM","code1/f06_secure_key_storage.py:304-311","unwrapAESKey parses JSON from raw bytes without size limit","""The unwrapAESKey function checks if the encrypted_aes_key blob starts with `{` and then parses it as JSON. There is no size limit on the blob"," allowing a potential DoS via extremely large JSON payloads.""","""Code: `blob = encrypted_aes_key.lstrip()` then `if blob.startswith(b""""{""""): env = json.loads(encrypted_aes_key.decode(""""utf-8""""))` (lines 304-306).""","""An attacker could provide a multi-gigabyte blob starting with `{` causing json.loads to consume excessive memory and CPU, resulting in a denial of service."",""Add a size limit before parsing JSON: `if len(encrypted_aes_key) > MAX_WRAP_SIZE: raise ValueError(...)`. A reasonable limit would be 64KB."
"51","Code Quality","MEDIUM","code2/f11_write_audit_log.py:109-129","_encryptFile reads entire database into memory","""The _encryptFile method reads the entire SQLite database file into memory with `data = f.read()` (line 120)"," then encrypts it with ECB mode. For large audit logs"," this causes memory exhaustion.""","""Code: `with open(db_file, 'rb') as f: data = f.read()` (line 120)."",""Large audit log databases cause memory exhaustion during encryption. Combined with ECB mode (issue #2), this is doubly problematic."",""Use streaming encryption or encrypt individual entries. Remove ECB mode entirely."
"52","Code Quality","MEDIUM","main-code/sffs_core.py:230-231","Encrypted file output path uses input file's directory","""The encryptFileOperation writes the .sffs file to the same directory as the input file: `out_sffs = input_path.with_suffix("""".sffs"""")` (line 233). This means encrypted files are scattered across the filesystem rather than stored in a controlled location.""","""Code: `out_sffs = input_path.with_suffix("""".sffs"""")` (line 233).""","""Encrypted files and their wrap files are stored next to the originals"," making it easy for an attacker to correlate encrypted and plaintext files. The original plaintext file is also not securely deleted after encryption."",""Store encrypted files in a dedicated directory (e.g., sffs_data/encrypted/). After successful encryption, securely wipe the original plaintext file (or at least offer the option)."
"53","Code Quality","MEDIUM","code3/f17_config_loader.py:98-105","_read_current tries encrypted then plain without atomicity","""The _read_current function tries to read the encrypted config first"," then falls back to plain JSON. If the encrypted file exists but the key is wrong"," it raises an exception instead of falling back to plain JSON.""","""Code: `if encryption_key and enc_path.exists(): raw = json.loads(enc_path.read_text(...)); data = _decrypt_blob(raw, encryption_key)` (lines 99-101). If _decrypt_blob fails (wrong key), the exception propagates."",""If the encryption key changes (e.g., user changes password) but the encrypted config file still exists, the system cannot fall back to the plain config. The user is locked out of their configuration."",""Catch decryption errors and fall back to plain JSON. Or migrate the config to the new key automatically. Or store the config version/key fingerprint to detect key mismatches."
"54","Code Quality","MEDIUM","code2/f10_monitor_process.py:114-118","proc.exe() called without AccessDenied handling for all processes","""The checkSuspiciousProcesses function iterates over all running processes and calls proc.exe() for each on Windows. This raises AccessDenied for protected system processes"," and while it's caught in the outer except"," the iteration continues inefficiently.""","""Code: `exe_path = proc.exe()` (line 115) inside a try/except that catches `psutil.AccessDenied` (line 119)."",""Calling proc.exe() on every process is slow and generates many AccessDenied exceptions on Windows. This makes the process check take several seconds, during which the UI may freeze."",""Filter processes before calling proc.exe(). Only check processes that match the suspicious names first, then call exe() only on matches."
"55","Code Quality","MEDIUM","code1/f04_generate_hash.py:89-93","Hash function instantiated inside conditional branch","""The hash function is instantiated inside an if/elif/else block"," creating a new hash object for each algorithm. This is correct but verbose. More importantly"," the algorithm validation happens before the type check"," meaning a valid algorithm with an invalid target type raises ValueError instead of TypeError."",""Code: Algorithm validation on lines 64-69, then type check on line 72. If target is neither Path nor bytes, the algorithm validation runs first."",""Incorrect error priority: passing an invalid target type with an invalid algorithm raises ValueError (algorithm) instead of TypeError (target). This makes debugging harder."",""Validate the target type before validating the algorithm. Or use a dispatch dictionary: `hashers = {""""sha256"""": sha256, """"sha512"""": sha512, """"blake2b"""": blake2b}`."
"56","Code Quality","MEDIUM","code3/f13_init_drive_detection.py:62-66","Partition detection uses string prefix matching which is fragile","""The _partition_for_path function matches paths against partition mountpoints using string prefix matching (`str(p).upper().startswith(part.mountpoint.upper())`). This can produce false positives (e.g."," `C:\Users` matches `C:\Useless`).""","""Code: `if str(p).upper().startswith(part.mountpoint.upper())` (line 62). Same pattern on line 72 for Linux.""","""Incorrect partition detection could cause the system to identify the wrong drive as the USB root, leading to data being written to the wrong location."",""Use proper path comparison: check that the path starts with the mountpoint followed by a path separator (or is exactly the mountpoint). On Windows, also compare drive letters."
"57","Testing","MEDIUM","tests/test_student1.py","Missing negative test for encrypt with wrong key size","""There is no test that verifies encryptFile raises ValueError when given a key that is not 32 bytes. The validation exists in the code (line 91-95 of f02) but is untested.""","""No test case: `encryptFile(path"," token_bytes(16)"," out)` should raise ValueError."",""If the key size validation is accidentally removed or broken, no test will catch it."",""Add a test: `with pytest.raises(ValueError): encryptFile(f, token_bytes(16), out)`."
"58","Testing","MEDIUM","tests/test_student1.py","Missing test for decrypt with tampered IV","""There is no test that verifies decryption fails when the IV in the SFFS header is tampered. The GCM auth tag should catch this"," but it is not explicitly tested.""","""No test case that modifies the IV bytes in the header and verifies SecurityError is raised.""","""If the IV tampering detection is broken, tampered files could decrypt to garbage without raising an error."",""Add a test that modifies bytes 5-20 (the IV) in the .sffs file and verifies SecurityError is raised."
"59","Testing","MEDIUM","tests/test_student2.py","Missing test for session token expiration","""There is no test that verifies session tokens expire after the configured timeout (24 hours). The validateSession function checks expires_at but this is not tested.""","""No test case that creates a session"," advances time past expiration"," and verifies validateSession returns False."",""Expired sessions remain valid if the expiration check is broken, allowing indefinite access with a stolen token."",""Add a test using monkeypatch to mock datetime.now() and verify expired sessions are rejected."
"60","Testing","MEDIUM","tests/test_student2.py","Missing test for audit log encryption","""There is no test that verifies the AuditLogger encryption functionality. All tests use `encryption_key=None`.""","""No test case that creates an AuditLogger with an encryption_key and verifies the database is encrypted.""","""If the encryption code path is broken (e.g."," ECB mode issue #2), no test will catch it."",""Add a test that creates an AuditLogger with encryption_key=token_bytes(32), writes a log entry, and verifies the database file is not plaintext SQLite."
"61","Testing","MEDIUM","tests/test_student3.py","Missing test for config validation function","""The validateConfig function in f17_config_loader.py is not tested. There is no test that verifies it correctly identifies invalid configurations.""","""No test case calling validateConfig with invalid configs (e.g."," wrong theme"," negative timeout)."",""Invalid configurations could pass through undetected, causing runtime errors or security misconfigurations."",""Add tests for validateConfig with valid and invalid inputs."
"62","Testing","MEDIUM","tests/","No test coverage for mouse_entropy.py","""The mouse_entropy.py module has no tests. The session_random_bytes function is critical for AES key generation but is untested.""","""No test file covers mouse_entropy.py. The module is imported in sffs_core.py and main.py but never tested.""","""If the entropy mixing is broken (e.g."," produces predictable output), all AES keys would be weak. No test would catch this."",""Add tests for session_random_bytes: verify output length, verify randomness (statistical tests), verify that different mouse pools produce different outputs."
"63","Testing","MEDIUM","tests/","No test coverage for sandbox_viewer.py","""The sandbox_viewer.py module has no tests. The file preview and external viewer launching logic is untested.""","""No test file covers sandbox_viewer.py.""","""Bugs in the sandbox viewer could allow opening files outside the sandbox or crashing the application.""","""Add tests for _decode_text_preview, _is_within policy checks, and the viewer launch flow."
"64","Testing","MEDIUM","tests/","No test coverage for reset_sffs_data.py","""The reset_sffs_data.py script has no tests. This is a destructive utility that deletes key material and user data.""","""No test file covers reset_sffs_data.py.""","""A bug in the reset script could delete the wrong files or fail to delete sensitive data"," leaving traces on disk."",""Add tests that verify the script deletes only the specified files and directories."
"65","Testing","MEDIUM","tests/","No test coverage for sffs_usb_setup.py","""The USB setup helper has no tests. The verify() function checks for file existence but this logic is untested.""","""No test file covers sffs_usb_setup.py.""","""The verification could give false positives or negatives"," misleading users about their installation status."",""Add tests for the verify() function with missing and present files."
"66","Testing","MEDIUM","tests/","No integration test for full encrypt-decrypt round-trip via SFFSCore","""There is no test that exercises the full SFFSCore encryptFileOperation → decryptFileOperation flow through the worker process. Individual modules are tested but not the integrated pipeline.""","""No test creates an SFFSCore"," logs in"," encrypts a file, decrypts it, and verifies the output matches the original."",""Integration bugs (e.g., worker IPC failures, key wrapping/unwrapping mismatches, sandbox path issues) would not be caught."",""Add an integration test that exercises the full pipeline: initialize → register → login → encrypt → decrypt → verify → logout."
"67","Testing","MEDIUM","tests/","No test for emergency lock under USB removal scenario","""There is no test that simulates USB removal and verifies the emergency lock is triggered correctly. The monitorUSBPresence callback is not tested.""","""No test that calls monitorUSBPresence"," simulates usb_root no longer existing"," and verifies emergencyLock is called."",""If the USB removal detection fails, the system will not lock when the USB is pulled, leaving decrypted files exposed."",""Add a test using a mock path that is deleted during the test, verifying the callback is invoked."
"68","Testing","MEDIUM","tests/","No test for concurrent access to audit logger","""There is no test that verifies the AuditLogger handles concurrent writes correctly. The threading.Lock is used but not tested under contention.""","""No test that spawns multiple threads writing to the same AuditLogger simultaneously.""","""Race conditions in the audit logger could cause lost log entries or database corruption under concurrent access.""","""Add a test that spawns 10+ threads writing to the same AuditLogger and verifies all entries are present."
"69","Documentation","MEDIUM","docs/SECURITY_MODEL.md","Security model claims AES-256-GCM provides integrity but stores redundant plaintext hash","""The security model states integrity is provided by 'GCM + hash pre/post comparison' (line 25). However"," the plaintext hash stored in the header (issue #1) is not needed for integrity — GCM already provides it. The documentation incorrectly implies both are necessary for integrity.""","""Docs: 'Integrity: GCM + hash pre/post comparison' (SECURITY_MODEL.md line 25).""","""Developers may believe the plaintext hash is a security feature when it is actually a vulnerability. The documentation reinforces the flawed design."",""Update the documentation to clarify that GCM provides integrity and the plaintext hash is a legacy feature that should be removed or replaced with a keyed HMAC."
"70","Documentation","MEDIUM","docs/SECURITY_MODEL.md","Security model does not mention ECB mode vulnerability in audit log","""The security model lists 'Auditability: Append-style audit rows with per-entry hashes' but does not mention that the audit log encryption uses AES-ECB"," which is cryptographically broken.""","""Docs: SECURITY_MODEL.md section 3 lists auditability but does not mention the ECB mode issue in f11.""","""Users and reviewers are misled about the security of the audit log. The audit log encryption provides less protection than claimed."",""Update the security model to accurately describe the audit log encryption mechanism and its limitations. Fix the ECB mode issue."
"71","Documentation","MEDIUM","docs/ARCHITECTURE.md","Architecture doc claims decrypt happens in worker but core also has direct decrypt path","""The architecture documentation states that decryption happens via the isolated worker (section 5). However"," the code also has a direct decrypt path that could be used without the worker. The documentation does not clarify when each path is used.""","""Docs: 'spawns main-code/isolated_worker.py with strict worker policy' (ARCHITECTURE.md line 49).""","""Developers may assume all decryption goes through the worker when it might not. Direct decryption bypasses the worker's policy checks."",""Clarify in the documentation whether direct decryption is possible and under what circumstances. If the worker is mandatory, enforce it in code."
"72","Documentation","MEDIUM","docs/USB_INSTALLATION.md","USB installation guide does not mention USB encryption requirement","""The USB installation guide recommends copying SFFS to a USB stick but does not recommend encrypting the USB itself (e.g."," with BitLocker or VeraCrypt). The entire security model assumes the USB is physically secure.""","""Docs: USB_INSTALLATION.md Part 2 — 'Copy the entire SFFS project folder onto the USB drive'.""","""If the USB is lost or stolen, the attacker has access to the public key, keystore (password-protected but vulnerable to offline attack), config files, and any unencrypted data."",""Recommend full-disk encryption for the USB stick as a prerequisite. Document that SFFS provides file-level encryption but the USB itself should also be encrypted."
"73","Documentation","MEDIUM","docs/API_REFERENCE.md","API reference does not document security implications of each function","""The API reference lists function signatures and return types but does not document security properties (e.g."," which functions handle sensitive data"," which require an active session"," which are side-effect free)."",""Docs: API_REFERENCE.md lists all F-01 through F-18 functions with signatures but no security annotations."",""Developers may call security-sensitive functions without understanding their requirements (e.g., calling encryptFileOperation without an active session)."",""Add security annotations to the API reference: required session, sensitive data handling, side effects, and error conditions."
"74","Documentation","MEDIUM","code1/f06_secure_key_storage.py:16-21","Docstring claims private key is never stored on disk but keystore file contains encrypted private key","""The module docstring states 'The PRIVATE KEY must NEVER be stored in plain text on disk' (line 17) but the secureKeyStorage function writes the encrypted private key to a JSON file. While encrypted"," this is still 'storing the private key on disk' — just in encrypted form.""","""Docs: 'The PRIVATE KEY must NEVER be stored in plain text on disk' (line 17). Code: `keystore_path.write_text(json.dumps(keystore"," indent=2))` (line 174)."",""The documentation is misleading. Developers may believe the private key is only in memory when it is actually persisted to disk (encrypted)."",""Update the docstring to accurately reflect that the private key is stored encrypted on disk in a keystore file."
"75","Documentation","MEDIUM","code1/f02_encrypt_file.py:35","File format documentation claims 77-byte header but actual format differs","""The docstring claims 'Total header = 77 bytes before ciphertext' (line 35) but the auth tag is both stored in the header AND appended to the ciphertext by AESGCM.encrypt(). The actual file is 77 bytes + ciphertext_length + 16 bytes (tag appended by cryptography library).""","""Docs: 'Total header = 77 bytes before ciphertext' (line 35). Code: ciphertext from AESGCM.encrypt() includes the 16-byte tag"," and the header also contains auth_tag.""","""The file format documentation is incorrect. Implementers relying on the 77-byte header calculation will misparse the file."",""Update the file format documentation to accurately describe the layout: header (77 bytes) + ciphertext_with_tag (N+16 bytes)."
"76","Documentation","LOW","code1/f01_generate_key_pairs.py:12","Docstring claims 'Current best attacks can only break 1024-bit RSA' is outdated","""The docstring states 'Current best attacks can only break 1024-bit RSA' (line 12). While technically true for classical computers"," this is misleading in the context of quantum computing. Shor's algorithm can break RSA of any size on a sufficiently large quantum computer.""","""Docs: 'Current best attacks can only break 1024-bit RSA"," making 2048-bit secure for now' (line 12-13)."",""Developers may believe RSA-2048 is secure indefinitely when it is vulnerable to future quantum attacks. For a security-focused project, this should be acknowledged."",""Add a note about quantum vulnerability and recommend considering post-quantum alternatives for long-term security."
"77","Documentation","LOW","code2/f08_secure_memory_wipe.py:16-23","Docstring overclaims DOD 5220.22-M compliance","""The docstring claims DOD 5220.22-M 3-pass overwrite compliance. However"," the actual implementation does not flush file buffers after each pass"," meaning the OS may reorder writes. Additionally"," on SSDs with wear leveling, the overwrite does not affect the original physical sectors."",""Docs: 'The DOD 5220.22-M standard requires overwriting data with three passes' (line 16-17)."",""The documentation overstates the security guarantees. Users may believe data is securely erased when it is not (especially on SSDs)."",""Add a disclaimer that DOD 5220.22-M compliance is not guaranteed on modern filesystems and SSDs. Document the limitations clearly."
"78","Operational","MEDIUM","main-code/setup.py:24-26","Entry point references invalid module path","""The setup.py entry point references `main-code.main:main` but Python module names cannot contain hyphens. The entry point will not work.""","""Code: `""""sffs=main-code.main:main""""` (line 25).""","""The `pip install -e .` installation will succeed but the `sffs` command will fail with a module import error. The application cannot be launched via the installed entry point.""","""Change the entry point to use a valid Python module name. Either rename `main-code` to `main_code` or use a script-based entry point."
"79","Operational","MEDIUM","sffs.bat:31","Windows launcher runs windows_job_wrapper.py which spawns child process","""The sffs.bat launcher runs `windows_job_wrapper.py` which creates a Job Object and spawns main.py as a child process. However"," the `pause` command at the end of sffs.bat runs after the wrapper exits"," which means it pauses in the parent shell"," not the child."",""Code: `""""%PYTHON%"""" code2\windows_job_wrapper.py %*` (line 31), then `pause` (line 32)."",""The pause command is misleading — it appears after the application has already exited. Users may think the application is still running."",""Move the pause into the wrapper or remove it. Or restructure the launcher to run main.py directly with job assignment."
"80","Operational","MEDIUM","code2/f11_write_audit_log.py:69","SQLite connection timeout of 30 seconds may cause long UI freezes","""The AuditLogger opens SQLite connections with a 30-second timeout (`timeout=30`). If the database is locked by another process"," the UI will freeze for up to 30 seconds waiting for the lock.""","""Code: `sqlite3.connect(str(self.db_path)"," timeout=30)` (line 69). Same pattern on lines 150, 167."",""The UI becomes unresponsive for up to 30 seconds if the audit database is locked. This is a poor user experience and could make the application appear crashed."",""Reduce the timeout to 5 seconds and handle timeout errors gracefully. Or use WAL mode to reduce lock contention."
"81","Operational","MEDIUM","code3/f13_init_drive_detection.py:114-120","Warning about non-removable volume uses stacklevel=2 which may be incorrect","""The warning about non-removable volume uses `stacklevel=2` (line 119). Depending on how initDriveDetection is called"," this may point to the wrong line in the stack trace.""","""Code: `warnings.warn(""""SFFS is not running from a removable volume..."""""," UserWarning, stacklevel=2)` (lines 115-119)."",""Developers debugging the warning may be directed to the wrong source line, making it harder to identify the issue."",""Verify the stacklevel is correct for all call sites. Or use stacklevel=1 and let the warning point to the initDriveDetection call."
"82","Operational","MEDIUM","code2/f12_emergency_lock.py:136-142","Emergency lock writes to global singleton logger which may not be initialized","""The emergencyLock function calls writeAuditLog which uses the global singleton logger (_getLogger). If SFFSCore has not initialized this logger"," the audit entry goes to the hardcoded default path instead of the correct USB location.""","""Code: `writeAuditLog(f""""EMERGENCY LOCK: ..."""""," level=""""CRITICAL"""")` (lines 136-141). writeAuditLog uses _getLogger which defaults to `./code2/test_output/audit.db`."",""Critical emergency lock events may be logged to the wrong location, making forensic analysis impossible after an incident."",""Pass the logger instance to emergencyLock or use the SFFSCore.logger directly. Do not rely on the global singleton."
"83","Operational","MEDIUM","code1/f06_secure_key_storage.py:144","Memory wipe via reassignment is ineffective in Python","""The code attempts to wipe the private key from memory by setting `private_key_bytes = None` (line 144). In Python"," this only removes the local reference — the original bytes object remains in memory until garbage collection.""","""Code: `private_key_bytes = None  # Wipe from memory` (line 144).""","""The private key bytes remain in Python's memory heap until the garbage collector runs. An attacker with memory access can still extract the key."",""Use ctypes to overwrite the memory of the bytes object before setting it to None. Or use a mutable bytearray and wipe it with secureMemoryWipe."
"84","Operational","MEDIUM","main-code/sffs_core.py:164","Login copies password bytearray but original is not wiped by caller","""In the login method"," the password is copied with `self._session_password = bytearray(password)` (line 164). The caller's original password bytearray is then wiped with secureMemoryWipe(password) (line 165). However"," the copy in _session_password persists for the entire session.""","""Code: `self._session_password = bytearray(password)` then `secureMemoryWipe(password)` (lines 164-165)."",""The session password copy persists in memory for the entire session duration. If the process is memory-dumped, the password can be extracted."",""Consider deriving the necessary key material at login time and storing only the derived key, not the password itself. Or re-derive from user input on each operation that needs it."
"85","Operational","MEDIUM","code2/f09_authenticate_user.py:331-332","Demo code uses shutil.rmtree to delete test directory containing database","""The demo code deletes the test directory with `shutil.rmtree(test_dir)` (line 321"," 356). This is fine for test cleanup but the pattern of using rmtree on directories containing sensitive data is problematic — rmtree does not securely wipe files.""","""Code: `shutil.rmtree(test_dir)` (line 321). Same on line 356.""","""If this pattern is copied for production cleanup, sensitive data (password hashes, session tokens) would be recoverable from disk."",""Use secureWipeDirectory before rmtree for directories containing sensitive data. Or use the OS's secure delete functionality."
"86","Operational","MEDIUM","code3/f14_ui_dashboard.py:418","QApplication created with sys.argv which may leak command-line arguments","""The uiDashboard function creates QApplication with `QApplication(sys.argv)` (line 418). On some platforms"," QApplication processes command-line arguments"," which may include sensitive information if the application was started with password-related arguments.""","""Code: `app = QApplication.instance() or QApplication(sys.argv)` (line 418)."",""If the application is started with sensitive command-line arguments, QApplication may process or log them."",""Pass an empty list to QApplication if command-line arguments have already been processed: `QApplication([])`."
"87","Operational","MEDIUM","code2/f07_create_isolated_sandbox.py:106-108","Sandbox lock file contains session_id in plaintext","""The sandbox.lock file contains the session_id and creation timestamp in plaintext: `session_id={session_id}\ncreated={created_time}\n` (line 107). While the session_id is not a secret"," this file provides an oracle for active sessions.""","""Code: `lock_content = f""""session_id={session_id}\ncreated={created_time}\n""""` then `lock_file.write_text(lock_content)` (lines 107-108).""","""An attacker can identify active sessions by reading sandbox.lock files. Combined with other information, this could aid in targeting attacks."",""Consider storing the lock file content in a less structured format, or add a MAC to prevent tampering. At minimum, ensure the lock file is within the sandbox directory with proper permissions."
"88","Operational","MEDIUM","code3/f16_cloud_sync.py:136","Cloud upload uses resumable upload without progress callback","""The cloud upload uses `MediaFileUpload(str(lp)"," resumable=True)` (line 136) but does not provide a progress callback. For large files"," the upload may appear to hang.""","""Code: `media = MediaFileUpload(str(lp), resumable=True)` (line 136)."",""Users uploading large files to Google Drive have no feedback on progress. The application appears frozen during upload."",""Add a progress callback to MediaFileUpload and wire it to the UI progress bar."
"89","Operational","MEDIUM","code2/f11_write_audit_log.py:45-49","Log level constants defined as module-level strings","""The log level constants (DEBUG"," INFO"," WARN"," ERROR, CRITICAL) are defined as module-level strings. This is fine but inconsistent with Python's logging module which uses integer levels."",""Code: `DEBUG = """"DEBUG""""`, `INFO = """"INFO""""`, etc. (lines 45-49)."",""Inconsistent with Python's standard logging module, making it harder to integrate with existing logging infrastructure."",""Consider using Python's logging module levels or at least document the custom level system clearly."
"90","Operational","LOW","code1/f01_generate_key_pairs.py:119","datetime.now() used without timezone for key generation timestamp","""The key generation timestamp uses `datetime.datetime.now().isoformat()` (line 119) which produces a naive datetime without timezone information.""","""Code: `generated_at = datetime.datetime.now().isoformat()` (line 119).""","""If keys are generated on systems in different timezones"," the timestamps cannot be reliably compared or sorted."",""Use `datetime.datetime.now(datetime.timezone.utc).isoformat()` for consistent UTC timestamps."
"91","Operational","LOW","code2/f09_authenticate_user.py:148","created_at timestamp uses naive datetime","""The user creation timestamp uses `datetime.now().isoformat()` (line 148) without timezone.""","""Code: `datetime.now().isoformat()` (line 148). Same pattern on lines 180"," 251.""","""Timezone inconsistency across systems."",""Use UTC timestamps consistently."
"92","Operational","LOW","code2/f11_write_audit_log.py:148","Timestamp in log entries uses naive datetime","""The audit log timestamp uses `datetime.now().isoformat()` (line 148) without timezone.""","""Code: `timestamp = datetime.now().isoformat()` (line 148).""","""Log timestamps cannot be reliably correlated across systems in different timezones.""","""Use UTC timestamps."
"93","Operational","LOW","code3/f17_config_loader.py:109","last_updated timestamp uses naive datetime","""The config last_updated field uses `datetime.now().isoformat()` (line 109) without timezone.""","""Code: `cfg[""""last_updated""""] = datetime.now().isoformat()` (line 109).""","""Timezone inconsistency.""","""Use UTC timestamps."
"94","Code Quality","LOW","code1/f06_secure_key_storage.py:183","hashlib imported after function definition","""The hashlib import appears on line 183"," after the secureKeyStorage function which uses hashlib_sha256_sandwich (line 154). While Python allows this"," it is unconventional and makes the code harder to read.""","""Code: `import hashlib` on line 183, but hashlib_sha256_sandwich uses hashlib on line 189."",""Unconventional import placement may confuse readers and static analysis tools."",""Move the hashlib import to the top of the file with other imports."
"95","Code Quality","LOW","code2/f12_emergency_lock.py:49-57","Duplicate imports of signal"," threading"," time"," pathlib"," os, sys,""The module imports signal, threading, time, pathlib, os, and sys twice — once at the top (lines 36-41) and again after the sibling imports (lines 53-60)."",""Code: `import signal` (line 36), `import signal` (line 53). Same for threading, time, pathlib, os, sys."",""Duplicate imports are unnecessary and indicate sloppy code organization."",""Remove the duplicate imports. Keep all standard library imports at the top of the file."
"96","Code Quality","LOW","code2/f07_create_isolated_sandbox.py:36-42","Duplicate imports of pathlib"," stat"," platform"," time","""The module imports Path from pathlib, stat, platform, and time twice — once at the top (line 26-31) and again with WHY comments (lines 36-42)."",""Code: `from pathlib import Path` (line 36) duplicates `from pathlib import Path` (line 33). Same for stat, platform, time."",""Duplicate imports are unnecessary."",""Remove the duplicate imports."
"97","Code Quality","LOW","code1/f06_secure_key_storage.py:158","Keystore version string is conditional on KDF name","""The keystore version is set to """"2.0"""" for Argon2id and """"1.0"""" for PBKDF2. This means the version number encodes the KDF choice rather than the format version. If a new KDF is added"," the versioning scheme breaks.""","""Code: `""""version"""": """"2.0"""" if kdf_name == """"ARGON2ID"""" else """"1.0""""` (line 158).""","""Version numbers become meaningless as more KDFs are added. A """"3.0"""" version could mean anything."",""Use a separate field for KDF name and a proper format version number. E.g., `""""format_version"""": """"1.0"""", """"kdf"""": """"ARGON2ID""""`."
"98","Code Quality","LOW","code3/f14_ui_dashboard.py:396-397","Password encoding does not specify error handler","""The password is encoded with `self._pw.text().encode()` without specifying an error handler. If the password contains characters that cannot be encoded in the default encoding (UTF-8)"," this will raise a UnicodeEncodeError.""","""Code: `pw = bytearray(self._pw.text().encode())` (line 396).""","""Passwords with certain Unicode characters could cause the login to crash with an unhandled exception."",""Specify an error handler: `self._pw.text().encode('utf-8', errors='replace')` or 'strict' with explicit error handling."
"99","Code Quality","LOW","code1/f02_encrypt_file.py:153","os imported inside __main__ block","""The `os` module is imported inside the `if __name__ == """"__main__"""":` block (line 153). While this works"," it is unconventional.""","""Code: `import os` inside the main block (line 153).""","""Unconventional import placement."",""Move the import to the top of the file."
"100","Code Quality","LOW","code1/f03_decrypt_file.py:198","sys imported inside __main__ block","""Same issue — `sys` is imported inside the main block (line 198).""","""Code: `import sys` inside the main block (line 198).""","""Unconventional import placement.""","""Move the import to the top of the file."
"101","Critical Security","CRITICAL","code2/f11_write_audit_log.py:123-125","AES-ECB encryption with manual zero-padding corrupts SQLite database","""Beyond using ECB mode (issue #2)"," the manual zero-padding (`data + b'\x00' * (cipher.block_size - len(data) % cipher.block_size)`) is incorrect when the data length is already a multiple of the block size — it adds a full block of zeros. This corrupts the database and makes it unreadable after encryption/decryption.""","""Code: `padded = data + b'\x00' * (cipher.block_size - len(data) % cipher.block_size)` (line 124). When `len(data) % cipher.block_size == 0`"," this adds 16 bytes of zeros."",""The encrypted database cannot be decrypted correctly because the padding adds extra bytes. The _encryptFile function effectively destroys the database it tries to protect."",""Use proper PKCS7 padding or switch to a stream cipher mode (GCM, CTR) that doesn't require padding. Better yet, don't encrypt SQLite files in-place — use SQLCipher."
"102","Critical Security","CRITICAL","main-code/sffs_core.py:71-72","Worker script and policy paths resolved at __init__ time","""The worker script path and policy path are resolved in __init__ using `Path(__file__).resolve().parent`. If sffs_core.py is moved or the application is run from a different working directory"," these paths may be incorrect.""","""Code: `self._worker_script = Path(__file__).resolve().parent / """"isolated_worker.py""""` (line 71).""","""If the application structure changes, the worker subprocess will fail to start, causing all decrypt operations to fail silently or with cryptic errors."",""Use a more robust path resolution strategy. Consider using importlib.resources or a configurable path."
"103","Security","HIGH","code3/f14_ui_dashboard.py:394","Auth database path constructed from user-controllable paths dict","""The auth database path is constructed from `self._paths[""""data_dir""""]` which comes from initDriveDetection. If the paths dict is manipulated (e.g."," via config injection)"," the auth database could be created in an arbitrary location.""","""Code: `db = Path(self._paths[""""data_dir""""]) / """"auth.db""""` (line 394)."",""Path injection via the paths dict could cause the auth database to be created in a world-readable location, exposing password hashes."",""Validate the data_dir path is within an expected location (e.g., the USB root or a known sandbox directory)."
"104","Security","HIGH","code2/f09_authenticate_user.py:248-251","Session has no revocation mechanism beyond explicit terminateSession","""Sessions are created with a 24-hour expiry but there is no mechanism to revoke all sessions for a user (e.g."," on password change). The terminateSession function only revokes a single token.""","""Code: Session created with `expires_at = (datetime.now() + timedelta(hours=24)).isoformat()` (line 251).""","""If a user changes their password, existing sessions remain valid for up to 24 hours. An attacker who obtained a session token before the password change retains access."",""Implement a session version number or generation counter in the users table. On password change, increment the version and invalidate all sessions with older versions."
"105","Architecture","MEDIUM","code1/f06_secure_key_storage.py:249-277","wrapAESKey includes key_commitment which is a hash of the AES key","""The wrapAESKey function includes `key_commitment: hashlib.sha256(aes_key).hexdigest()` in the envelope (line 270). This is a hash of the AES key stored alongside the RSA-encrypted key. An attacker who obtains the wrap file can use this hash to verify password guesses without needing the RSA private key.""","""Code: `""""key_commitment"""": hashlib.sha256(aes_key).hexdigest()` (line 270).""","""The key commitment hash allows offline verification of AES key guesses. While the AES key is still protected by RSA-OAEP"," the commitment hash provides a fast verification oracle for any candidate AES key."",""Remove the key_commitment field or use a keyed HMAC instead of a raw hash. The commitment is redundant since unwrapAESKey can verify the key by attempting decryption."
"106","Architecture","MEDIUM","main-code/sffs_core.py:237-238","Wrap file name uses secrets.token_hex making it unpredictable but discoverable","""The wrap file name is generated as `{secrets.token_hex(16)}.aeswrap` (line 237). While unpredictable"," the .aeswrap extension reveals the file's purpose. An attacker can identify all wrap files by searching for this extension.""","""Code: `wrap_name = f""""{secrets.token_hex(16)}.aeswrap""""` (line 237).""","""The .aeswrap extension reveals which files are key wraps, aiding an attacker in targeting specific files for key extraction."",""Use a non-descriptive extension (e.g., .dat) or no extension. Or store wrap files in a separate directory with restricted permissions."
"107","Testing","MEDIUM","tests/","No test for cloudSync download path traversal","""There is no test that verifies cloudSync prevents downloading to paths outside allowed directories. The download action writes to local_path without validation (issue #33).""","""No test case that attempts to download to a path outside the sandbox.""","""An attacker could use the cloud download feature to overwrite arbitrary files on the system.""","""Add a test that verifies cloudSync rejects download paths outside allowed directories."
"108","Testing","MEDIUM","tests/","No test for configLoader with wrong encryption key","""There is no test that verifies configLoader handles decryption failures gracefully when the wrong encryption key is provided.""","""No test case that saves config with key A and tries to load with key B.""","""If the wrong key is provided"," the application crashes with an unhandled exception instead of a user-friendly error."",""Add a test that verifies configLoader raises a clear error when the wrong encryption key is provided."
"109","Security","HIGH","code1/f02_encrypt_file.py:115","GCM encrypt called with associated_data=None losing AEAD benefits","""The encryptFile function calls `aesgcm.encrypt(iv"," plaintext"," associated_data=None)` (line 115). GCM's associated_data (AAD) allows binding additional metadata to the ciphertext. By passing None"," the header metadata (hash_pre, original_size) is not cryptographically bound to the ciphertext."",""Code: `ciphertext = aesgcm.encrypt(iv, plaintext, associated_data=None)` (line 115)."",""An attacker could modify the header fields (hash_pre, original_size) without detection by the GCM tag. The GCM tag only covers the ciphertext, not the header."",""Include the header fields (hash_pre, original_size) as associated_data in the GCM encrypt call. This binds the metadata to the ciphertext, preventing undetected header tampering."
"110","Security","HIGH","code1/f03_decrypt_file.py:158","GCM decrypt called with None associated_data","""Same issue as #109 — decryptFile calls `aesgcm.decrypt(iv"," ciphertext"," None)` (line 158) without associated_data. If encrypt used AAD"," decrypt must use the same AAD, but since encrypt used None, this is consistent but both are wrong."",""Code: `decrypted = aesgcm.decrypt(iv, ciphertext, None)` (line 158)."",""Header metadata is not integrity-protected by GCM. An attacker could modify hash_pre or original_size in the header without detection."",""Use the same associated_data in both encrypt and decrypt. Include header fields as AAD."""
